["Donnie Avery", 184, "WR"]
["Andre Caldwell", 206, "WR"]
["Harry Douglas", 222, "WR"]
["Jerome Felton", 230, "RB"]
["Matt Forte", 234, "RB"]
["Chad Henne", 252, "QB"]
["Chris Johnson", 262, "RB"]
["Darren McFadden", 284, "RB"]
["Matt Ryan", 310, "QB"]
["Jacob Tamme", 324, "TE"]
["Joe Flacco", 382, "QB"]
["Steve Johnson", 768, "WR"]
["Jamaal Charles", 925, "RB"]
["Justin Forsett", 927, "RB"]
["Jonathan Stewart", 949, "RB"]
["Jordy Nelson", 1032, "WR"]
["Gary Barnidge", 1060, "TE"]
["Martellus Bennett", 1062, "TE"]
["DeSean Jackson", 1581, "WR"]
["Eddie Royal", 1990, "WR"]
["Pierre Garcon", 2346, "WR"]
["Danny Amendola", 2649, "WR"]
["Danny Woodhead", 4327, "RB"]
["Tim Hightower", 4383, "RB"]
["Marcel Reece", 4433, "RB"]
["Matthew Slater", 4487, "WR"]
["Kenny Britt", 71217, "WR"]
["Jared Cook", 71265, "TE"]
["Michael Crabtree", 71269, "WR"]
["Graham Gano", 71309, "K"]
["Rashad Jennings", 71345, "RB"]
["Jordan Norwood", 71417, "WR"]
["John Phillips", 71435, "TE"]
["David Johnson", 79589, "TE"]
["LeSean McCoy", 79607, "RB"]
["Cedric Peerman", 79629, "RB"]
["Mark Sanchez", 79858, "QB"]
["Matthew Stafford", 79860, "QB"]
["Darrius Heyward-Bey", 80427, "WR"]
["Jeremy Maclin", 80429, "WR"]
["Louis Murphy", 80670, "WR"]
["Chase Daniel", 81284, "QB"]
["Brian Hoyer", 81294, "QB"]
["Brandon Tate", 81306, "WR"]
["Brandon Myers", 89766, "TE"]
["Antone Smith", 89798, "RB"]
["Ryan Succop", 89802, "K"]
["Atlanta Falcons", 100001, "DEF"]
["Baltimore Ravens", 100002, "DEF"]
["Buffalo Bills", 100003, "DEF"]
["Carolina Panthers", 100004, "DEF"]
["Chicago Bears", 100005, "DEF"]
["Cincinnati Bengals", 100006, "DEF"]
["Cleveland Browns", 100007, "DEF"]
["Dallas Cowboys", 100008, "DEF"]
["Denver Broncos", 100009, "DEF"]
["Detroit Lions", 100010, "DEF"]
["Green Bay Packers", 100011, "DEF"]
["Tennessee Titans", 100012, "DEF"]
["Houston Texans", 100013, "DEF"]
["Indianapolis Colts", 100014, "DEF"]
["Jacksonville Jaguars", 100015, "DEF"]
["Kansas City Chiefs", 100016, "DEF"]
["Los Angeles Rams", 100017, "DEF"]
["Oakland Raiders", 100018, "DEF"]
["Miami Dolphins", 100019, "DEF"]
["Minnesota Vikings", 100020, "DEF"]
["New England Patriots", 100021, "DEF"]
["New Orleans Saints", 100022, "DEF"]
["New York Giants", 100023, "DEF"]
["New York Jets", 100024, "DEF"]
["Philadelphia Eagles", 100025, "DEF"]
["Arizona Cardinals", 100026, "DEF"]
["Pittsburgh Steelers", 100027, "DEF"]
["Los Angeles Chargers", 100028, "DEF"]
["San Francisco 49ers", 100029, "DEF"]
["Seattle Seahawks", 100030, "DEF"]
["Tampa Bay Buccaneers", 100031, "DEF"]
["Washington Redskins", 100032, "DEF"]
["Will Johnson", 163982, "RB"]
["Zach Miller", 238457, "TE"]
["Julian Edelman", 238498, "WR"]
["Sam Bradford", 497095, "QB"]
["Colt McCoy", 497123, "QB"]
["LeGarrette Blount", 497149, "RB"]
["Ryan Mathews", 497188, "RB"]
["Dexter McCluster", 497190, "WR"]
["C.J. Spiller", 497204, "RB"]
["James Starks", 497206, "RB"]
["Dorin Dickerson", 497222, "TE"]
["Ed Dickson", 497224, "TE"]
["Jim Dray", 497226, "TE"]
["Jimmy Graham", 497236, "TE"]
["Jermaine Gresham", 497238, "TE"]
["Rob Gronkowski", 497240, "TE"]
["Clay Harbor", 497242, "TE"]
["Michael Hoomanawanui", 497246, "TE"]
["Dennis Pitta", 497254, "TE"]
["Arrelious Benn", 497270, "WR"]
["Dez Bryant", 497278, "WR"]
["Eric Decker", 497284, "WR"]
["Marcus Easley", 497286, "WR"]
["Brandon LaFell", 497302, "WR"]
["Andre Roberts", 497320, "WR"]
["Emmanuel Sanders", 497322, "WR"]
["Golden Tate", 497326, "WR"]
["Demaryius Thomas", 497328, "WR"]
["Joe Webb", 1037347, "QB"]
["Marc Mariani", 1037885, "WR"]
["Charles Clay", 2495139, "TE"]
["Andy Dalton", 2495143, "QB"]
["Kai Forbath", 2495150, "K"]
["Dwayne Harris", 2495159, "WR"]
["Colin Kaepernick", 2495186, "QB"]
["Lance Kendricks", 2495187, "TE"]
["Jeremy Kerley", 2495189, "WR"]
["DeMarco Murray", 2495207, "RB"]
["Niles Paul", 2495211, "TE"]
["Luke Stocker", 2495234, "TE"]
["Tyrod Taylor", 2495240, "QB"]
["Matt Asiata", 2495258, "RB"]
["Dan Bailey", 2495259, "K"]
["Virgil Green", 2495288, "TE"]
["Bilal Powell", 2495328, "RB"]
["Aldrick Robinson", 2495331, "WR"]
["Anthony Sherman", 2495340, "RB"]
["Cecil Shorts", 2495341, "WR"]
["Lee Smith", 2495347, "TE"]
["Julius Thomas", 2495353, "TE"]
["Scott Tolzien", 2495425, "QB"]
["Kyle Rudolph", 2495438, "TE"]
["Blaine Gabbert", 2495441, "QB"]
["Ryan Mallett", 2495443, "QB"]
["Randall Cobb", 2495448, "WR"]
["A.J. Green", 2495450, "WR"]
["Andre Holmes", 2495453, "WR"]
["Julio Jones", 2495454, "WR"]
["Cam Newton", 2495455, "QB"]
["Torrey Smith", 2495459, "WR"]
["Shaun Draughn", 2495461, "RB"]
["Mark Ingram", 2495466, "RB"]
["Taiwan Jones", 2495467, "RB"]
["Dion Lewis", 2495469, "RB"]
["Stevan Ridley", 2495470, "RB"]
["Jacquizz Rodgers", 2495471, "RB"]
["Jordan Todman", 2495472, "RB"]
["Shane Vereen", 2495473, "RB"]
["Marshawn Lynch", 2495663, "RB"]
["Greg Olsen", 2495700, "TE"]
["Drew Stanton", 2495748, "QB"]
["Jay Cutler", 2495824, "QB"]
["Vernon Davis", 2495826, "TE"]
["Anthony Fasano", 2495835, "TE"]
["Marcedes Lewis", 2495888, "TE"]
["Brandon Marshall", 2495893, "WR"]
["Delanie Walker", 2495966, "TE"]
["DeAngelo Williams", 2495979, "RB"]
["David Ausberry", 2499277, "TE"]
["Phil Dawson", 2500351, "K"]
["Adam Vinatieri", 2503471, "K"]
["Tom Brady", 2504211, "QB"]
["Sebastian Janikowski", 2504257, "K"]
["Drew Brees", 2504775, "QB"]
["Matt Bryant", 2504797, "K"]
["Shaun Hill", 2504833, "QB"]
["Josh McCown", 2505076, "QB"]
["Carson Palmer", 2505245, "QB"]
["Antonio Gates", 2505299, "TE"]
["Tony Romo", 2505354, "QB"]
["Anquan Boldin", 2505587, "WR"]
["Jason Witten", 2505629, "TE"]
["Matt Schaub", 2505982, "QB"]
["Eli Manning", 2505996, "QB"]
["Luke McCown", 2506053, "QB"]
["Larry Fitzgerald", 2506106, "WR"]
["Ben Roethlisberger", 2506109, "QB"]
["Philip Rivers", 2506121, "QB"]
["Benjamin Watson", 2506122, "TE"]
["John Kuhn", 2506147, "RB"]
["Nick Novak", 2506194, "K"]
["Robbie Gould", 2506264, "K"]
["Alex Smith", 2506340, "QB"]
["Aaron Rodgers", 2506363, "QB"]
["Mike Nugent", 2506386, "K"]
["Vincent Jackson", 2506400, "WR"]
["Frank Gore", 2506404, "RB"]
["Darren Sproles", 2506467, "RB"]
["Derek Anderson", 2506546, "QB"]
["Matt Cassel", 2506562, "QB"]
["Ryan Fitzpatrick", 2506581, "QB"]
["Matt Prater", 2506677, "K"]
["Kellen Clemens", 2506895, "QB"]
["Stephen Gostkowski", 2506922, "K"]
["Eric Weems", 2507029, "WR"]
["Adrian Peterson", 2507164, "RB"]
["Ted Ginn", 2507166, "WR"]
["Brent Celek", 2507218, "TE"]
["Nick Folk", 2507225, "K"]
["Mason Crosby", 2507232, "K"]
["Matt Moore", 2507282, "QB"]
["Stephen Hauschka", 2507374, "K"]
["Dan Carpenter", 2507401, "K"]
["Matthew Mulligan", 2507405, "TE"]
["Mike Tolbert", 2507428, "RB"]
["Connor Barth", 2507463, "K"]
["Kellen Davis", 2507486, "TE"]
["Mike Wallace", 2507763, "WR"]
["Logan Paulsen", 2507828, "TE"]
["Victor Cruz", 2507855, "WR"]
["Jeff Cumberland", 2507883, "TE"]
["Chris Ivory", 2507999, "RB"]
["Antonio Brown", 2508061, "WR"]
["Andrew Hawkins", 2508097, "WR"]
["James Develin", 2508101, "RB"]
["T.J. Yates", 2508123, "QB"]
["Bryan Walters", 2528181, "WR"]
["Chris Hogan", 2530515, "WR"]
["Jeremy Ross", 2530598, "WR"]
["Kamar Aiken", 2530660, "WR"]
["DuJuan Harris", 2530690, "RB"]
["Dontrelle Inman", 2530700, "WR"]
["Doug Baldwin", 2530747, "WR"]
["Patrick DiMarco", 2530763, "RB"]
["Chris Matthews", 2531049, "WR"]
["Terrelle Pryor", 2531332, "WR"]
["Travis Benjamin", 2532790, "WR"]
["Brandon Bolden", 2532797, "RB"]
["Kirk Cousins", 2532820, "QB"]
["Rhett Ellison", 2532835, "TE"]
["Coby Fleener", 2532838, "TE"]
["Michael Floyd", 2532841, "WR"]
["Nick Foles", 2532842, "QB"]
["Ladarius Green", 2532853, "TE"]
["T.Y. Hilton", 2532865, "WR"]
["Marvin Jones", 2532884, "WR"]
["Jermaine Kearse", 2532887, "WR"]
["Case Keenum", 2532888, "QB"]
["Doug Martin", 2532899, "RB"]
["Rishard Matthews", 2532903, "WR"]
["Kellen Moore", 2532917, "QB"]
["Brian Quick", 2532933, "WR"]
["Ryan Tannehill", 2532956, "QB"]
["Blair Walsh", 2532968, "K"]
["Brandon Weeden", 2532970, "QB"]
["Russell Wilson", 2532975, "QB"]
["Kendall Wright", 2532977, "WR"]
["Jarius Wright", 2532978, "WR"]
["James Hanna", 2533028, "TE"]
["Andrew Luck", 2533031, "QB"]
["Robert Griffin III", 2533033, "QB"]
["Lamar Miller", 2533034, "RB"]
["Justin Blackmon", 2533038, "WR"]
["Alshon Jeffery", 2533039, "WR"]
["Mohamed Sanu", 2533040, "WR"]
["Dwayne Allen", 2533046, "TE"]
["Austin Davis", 2533349, "QB"]
["Cory Harkey", 2533353, "TE"]
["Brock Osweiler", 2533436, "QB"]
["Ronnie Hillman", 2533437, "RB"]
["Randy Bullock", 2533444, "K"]
["Alfred Morris", 2533457, "RB"]
["Robert Turbin", 2533460, "RB"]
["Derek Carrier", 2534241, "TE"]
["Deonte Thompson", 2534436, "WR"]
["Austin Johnson", 2534437, "RB"]
["Bobby Rainey", 2534571, "RB"]
["Jonathan Grimes", 2534770, "RB"]
["Daryl Richardson", 2534789, "RB"]
["Greg Zuerlein", 2534797, "K"]
["Garrett Celek", 2534820, "TE"]
["Greg Scruggs", 2535138, "TE"]
["Phillip Supernaw", 2535535, "TE"]
["Giorgio Tavecchio", 2535686, "K"]
["Joe Banyard", 2535696, "RB"]
["Cole Beasley", 2535698, "WR"]
["Lance Dunbar", 2535708, "RB"]
["Dominique Jones", 2535724, "TE"]
["Rod Streater", 2535869, "WR"]
["Griff Whalen", 2535876, "WR"]
["Travaris Cadet", 2535890, "RB"]
["Sean McGrath", 2535943, "TE"]
["Josh Bellamy", 2535964, "WR"]
["Brenton Bersin", 2535966, "WR"]
["Brittan Golden", 2535988, "WR"]
["Jamize Olawale", 2536044, "RB"]
["Cooper Helfet", 2536071, "TE"]
["Justin Tucker", 2536340, "K"]
["Brandon Bostick", 2536342, "TE"]
["Josh Gordon", 2537931, "WR"]
["Larry Donnell", 2537933, "TE"]
["Michael Williams", 2539197, "TE"]
["Chris Gragg", 2539202, "TE"]
["Cobi Hamilton", 2539203, "WR"]
["Terrance Williams", 2539205, "WR"]
["Andre Ellington", 2539217, "RB"]
["Dustin Hopkins", 2539227, "K"]
["EJ Manuel", 2539228, "QB"]
["Tavarres King", 2539235, "WR"]
["Quinton Patton", 2539250, "WR"]
["Denard Robinson", 2539260, "RB"]
["Rex Burkhead", 2539265, "RB"]
["Mike Glennon", 2539275, "QB"]
["Jake Stoneburner", 2539283, "TE"]
["Landry Jones", 2539287, "QB"]
["Kenjon Barner", 2539289, "RB"]
["Markus Wheaton", 2539291, "WR"]
["Zach Line", 2539303, "RB"]
["Matt Barkley", 2539308, "QB"]
["Stepfan Taylor", 2539315, "RB"]
["Christine Michael", 2539322, "RB"]
["Geno Smith", 2539335, "QB"]
["Tavon Austin", 2539336, "WR"]
["Caleb Sturgis", 2539637, "K"]
["Brandon Williams", 2539645, "TE"]
["Mike Gillislee", 2539663, "RB"]
["Ryan Nassib", 2539961, "QB"]
["Marquise Goodwin", 2539964, "WR"]
["Kerwynn Williams", 2539980, "RB"]
["Mychal Rivera", 2539995, "TE"]
["Marlon Brown", 2540005, "WR"]
["Chris Thompson", 2540011, "RB"]
["Theo Riddick", 2540020, "RB"]
["Fozzy Whittaker", 2540037, "RB"]
["Cordarrelle Patterson", 2540145, "WR"]
["Tyler Eifert", 2540148, "TE"]
["Justin Hunter", 2540151, "WR"]
["Keenan Allen", 2540154, "WR"]
["Giovani Bernard", 2540156, "RB"]
["Stedman Bailey", 2540157, "WR"]
["Zach Ertz", 2540158, "TE"]
["Jordan Reed", 2540160, "TE"]
["DeAndre Hopkins", 2540165, "WR"]
["Eddie Lacy", 2540168, "RB"]
["Robert Woods", 2540169, "WR"]
["Tyler Bray", 2540173, "QB"]
["Le'Veon Bell", 2540175, "RB"]
["Marquess Wilson", 2540177, "WR"]
["Knile Davis", 2540178, "RB"]
["Josh Boyce", 2540181, "WR"]
["Dion Sims", 2540200, "TE"]
["Kenny Stills", 2540202, "WR"]
["Levine Toilolo", 2540203, "TE"]
["Spencer Ware", 2540204, "RB"]
["Gavin Escobar", 2540211, "TE"]
["Vance McDonald", 2540215, "TE"]
["Mike James", 2540224, "RB"]
["Kyle Juszczyk", 2540230, "RB"]
["Jack Doyle", 2540232, "TE"]
["Travis Kelce", 2540258, "TE"]
["MarQueis Gray", 2540259, "TE"]
["Corey Fuller", 2540261, "WR"]
["C.J. Anderson", 2540269, "RB"]
["Nick Williams", 2540279, "WR"]
["Darren Fells", 2540928, "TE"]
["Ifeanyi Momah", 2541096, "TE"]
["Charles D. Johnson", 2541147, "WR"]
["Latavius Murray", 2541161, "RB"]
["Demetrius Harris", 2541187, "TE"]
["Luke Willson", 2541199, "TE"]
["Ryan Griffin", 2541316, "TE"]
["Brice Butler", 2541388, "WR"]
["Brian Leonhardt", 2541512, "TE"]
["Benny Cunningham", 2541544, "RB"]
["Brandon McManus", 2541556, "K"]
["Timothy Wright", 2541768, "TE"]
["Adam Thielen", 2541785, "WR"]
["Frankie Hammond", 2541828, "WR"]
["Josh Hill", 2541834, "TE"]
["Myles White", 2541905, "WR"]
["George Winn", 2541910, "RB"]
["Rashad Ross", 2541940, "WR"]
["Russell Shepard", 2541944, "WR"]
["Jaron Brown", 2541966, "WR"]
["Khiry Robinson", 2542022, "RB"]
["Matt McGloin", 2542065, "QB"]
["Sammy Watkins", 2543457, "WR"]
["Teddy Bridgewater", 2543465, "QB"]
["Eric Ebron", 2543466, "TE"]
["Mike Evans", 2543468, "WR"]
["Kelvin Benjamin", 2543471, "WR"]
["Marqise Lee", 2543475, "WR"]
["Blake Bortles", 2543477, "QB"]
["Jace Amaro", 2543481, "TE"]
["Jarvis Landry", 2543488, "WR"]
["Paul Richardson", 2543491, "WR"]
["Davante Adams", 2543495, "WR"]
["Odell Beckham", 2543496, "WR"]
["AJ McCarron", 2543497, "QB"]
["Brandin Cooks", 2543498, "WR"]
["Derek Carr", 2543499, "QB"]
["Jordan Matthews", 2543500, "WR"]
["Tre Mason", 2543502, "RB"]
["Allen Robinson", 2543509, "WR"]
["Patrick Murray", 2543533, "K"]
["Ka'Deem Carey", 2543551, "RB"]
["Andre Williams", 2543565, "RB"]
["Storm Johnson", 2543570, "RB"]
["Martavis Bryant", 2543572, "WR"]
["Devonta Freeman", 2543583, "RB"]
["Cody Latimer", 2543590, "WR"]
["Dri Archer", 2543596, "RB"]
["Alfred Blue", 2543600, "RB"]
["Jeremy Hill", 2543603, "RB"]
["Zach Mettenberger", 2543605, "QB"]
["Donte Moncrief", 2543614, "WR"]
["Walt Powell", 2543619, "WR"]
["Troy Niklas", 2543628, "TE"]
["De'Anthony Thomas", 2543638, "WR"]
["Tom Savage", 2543640, "QB"]
["Devin Street", 2543641, "WR"]
["Bruce Ellington", 2543646, "WR"]
["Terrance West", 2543664, "RB"]
["Bishop Sankey", 2543682, "RB"]
["Austin Seferian-Jenkins", 2543683, "TE"]
["Kevin Norwood", 2543689, "WR"]
["Jay Prosch", 2543695, "RB"]
["Lorenzo Taliaferro", 2543704, "RB"]
["Jerick McKinnon", 2543715, "RB"]
["C.J. Fiedorowicz", 2543721, "TE"]
["Carlos Hyde", 2543743, "RB"]
["Josh Huff", 2543746, "WR"]
["Jeff Janis", 2543750, "WR"]
["David Fales", 2543751, "QB"]
["Ryan Grant", 2543759, "WR"]
["Logan Thomas", 2543767, "TE"]
["Charles Sims", 2543770, "RB"]
["James White", 2543773, "RB"]
["Jared Abbrederis", 2543774, "WR"]
["Matt Hazel", 2543792, "WR"]
["Crockett Gillmore", 2543794, "TE"]
["Jimmy Garoppolo", 2543801, "QB"]
["Quincy Enunwa", 2543828, "WR"]
["T.J. Jones", 2543836, "WR"]
["John Brown", 2543847, "WR"]
["James Wright", 2550162, "WR"]
["Michael Campanaro", 2550163, "WR"]
["Isaiah Burse", 2550182, "WR"]
["Jeremy Butler", 2550183, "WR"]
["Isaiah Crowell", 2550189, "RB"]
["Bennie Fowler", 2550198, "WR"]
["Ryan Hewitt", 2550206, "TE"]
["Jonathan Krause", 2550216, "WR"]
["Freddie Martino", 2550223, "WR"]
["Roosevelt Nix", 2550235, "RB"]
["Justin Perillo", 2550243, "TE"]
["Bernard Reedy", 2550246, "WR"]
["Connor Shaw", 2550252, "QB"]
["Willie Snead", 2550256, "WR"]
["Juwan Thompson", 2550263, "RB"]
["Charcandrick West", 2550268, "RB"]
["Albert Wilson", 2550272, "WR"]
["Trey Burton", 2550284, "TE"]
["Richard Rodgers", 2550313, "TE"]
["Chandler Catanzaro", 2550325, "K"]
["Brandon Coleman", 2550328, "WR"]
["Allen Hurns", 2550353, "WR"]
["Seantavius Jones", 2550359, "WR"]
["Cody Parkey", 2550380, "K"]
["Erik Swoope", 2550405, "TE"]
["Asante Cleveland", 2550454, "TE"]
["Javontee Herndon", 2550459, "WR"]
["Antonio Andrews", 2550474, "RB"]
["Orleans Darkwa", 2550481, "RB"]
["Damien Williams", 2550512, "RB"]
["Xavier Grimble", 2550521, "TE"]
["George Atkinson", 2550540, "RB"]
["Kapri Bibbs", 2550542, "RB"]
["Chris Boswell", 2550545, "K"]
["Corey Brown", 2550546, "WR"]
["Travis Coons", 2550551, "K"]
["Darrin Reaves", 2550596, "RB"]
["Seth Roberts", 2550597, "WR"]
["Taylor Gabriel", 2550617, "WR"]
["Senorise Perry", 2550633, "RB"]
["Cairo Santos", 2550636, "K"]
["Cameron Brate", 2550656, "TE"]
["Branden Oliver", 2550658, "RB"]
["Fitzgerald Toussaint", 2550738, "RB"]
["Glenn Winston", 2551357, "RB"]
["Jerome Cunningham", 2551359, "TE"]
["Jameis Winston", 2552033, "QB"]
["Bryce Petty", 2552369, "QB"]
["Ameer Abdullah", 2552374, "RB"]
["Cameron Artis-Payne", 2552375, "RB"]
["David Cobb", 2552376, "RB"]
["Jeremy Langford", 2552379, "RB"]
["Karlos Williams", 2552380, "RB"]
["Malcolm Brown", 2552382, "RB"]
["Ben Koyack", 2552396, "TE"]
["Clive Walford", 2552397, "TE"]
["Jeff Heuerman", 2552399, "TE"]
["MyCole Pruitt", 2552401, "TE"]
["Nick Boyle", 2552402, "TE"]
["Nick O'Leary", 2552403, "TE"]
["Darren Waller", 2552408, "TE"]
["DeVante Parker", 2552409, "WR"]
["Dezmin Lewis", 2552411, "WR"]
["Jamison Crowder", 2552415, "WR"]
["Justin Hardy", 2552418, "WR"]
["Keith Mumphery", 2552420, "WR"]
["Phillip Dorsett", 2552424, "WR"]
["Rashad Greene", 2552425, "WR"]
["Tre McBride", 2552428, "WR"]
["Ty Montgomery", 2552429, "RB"]
["Tyler Lockett", 2552430, "WR"]
["Vince Mayle", 2552431, "WR"]
["Tevin Coleman", 2552453, "RB"]
["Devin Funchess", 2552458, "WR"]
["Duke Johnson", 2552461, "RB"]
["Gerald Christian", 2552462, "TE"]
["Jaelen Strong", 2552463, "WR"]
["Jalston Fowler", 2552464, "RB"]
["Marcus Mariota", 2552466, "QB"]
["Maxx Williams", 2552468, "TE"]
["Melvin Gordon", 2552469, "RB"]
["Sammie Coates", 2552470, "WR"]
["T.J. Yeldon", 2552471, "RB"]
["Todd Gurley", 2552475, "RB"]
["Aaron Ripkowski", 2552477, "RB"]
["Blake Bell", 2552478, "TE"]
["Amari Cooper", 2552487, "WR"]
["Dorial Green-Beckham", 2552491, "WR"]
["C.J. Uzomah", 2552559, "TE"]
["Sean Mannion", 2552576, "QB"]
["A.J. Derby", 2552580, "TE"]
["Jay Ajayi", 2552582, "RB"]
["Tyler Kroft", 2552586, "TE"]
["Brett Hundley", 2552588, "QB"]
["Breshad Perriman", 2552597, "WR"]
["Nelson Agholor", 2552600, "WR"]
["Stefon Diggs", 2552608, "WR"]
["Chris Manhertz", 2552622, "TE"]
["DeAndre Smelter", 2552627, "WR"]
["Javorius Allen", 2552631, "RB"]
["Jesse James", 2552633, "TE"]
["Matt Jones", 2552635, "RB"]
["Marcus Murphy", 2552647, "RB"]
["Mario Alford", 2552650, "WR"]
["Kaelin Clay", 2552651, "WR"]
["Chris Conley", 2552652, "WR"]
["Geremy Davis", 2552654, "WR"]
["J.J. Nelson", 2552656, "WR"]
["Randall Telfer", 2552660, "TE"]
["Jason Myers", 2553112, "K"]
["James O'Shaughnessy", 2553318, "TE"]
["Kevin White", 2553432, "WR"]
["Devin Smith", 2553434, "WR"]
["David Johnson", 2553435, "RB"]
["Mike Davis", 2553439, "RB"]
["Neal Sterling", 2553451, "TE"]
["Geoff Swaim", 2553454, "TE"]
["Trevor Siemian", 2553457, "QB"]
["Quan Bray", 2553467, "WR"]
["Damiere Byrd", 2553499, "WR"]
["John Crockett", 2553511, "RB"]
["Matt Lengel", 2553554, "TE"]
["Cameron Meredith", 2553568, "WR"]
["Jordan Taylor", 2553606, "WR"]
["Terrell Watson", 2553617, "RB"]
["Lucky Whitehead", 2553621, "WR"]
["Zach Zenner", 2553631, "RB"]
["Andrew Franks", 2553648, "K"]
["Corey Grant", 2553650, "RB"]
["Chris Harper", 2553652, "WR"]
["Akeem Hunt", 2553660, "RB"]
["Jordan Leslie", 2553668, "WR"]
["Bradley Marquez", 2553725, "WR"]
["Raheem Mostert", 2553728, "RB"]
["Thomas Rawls", 2553733, "RB"]
["Eli Rogers", 2553737, "WR"]
["Rod Smith", 2553743, "RB"]
["Eric Tomlinson", 2553744, "TE"]
["Terron Ward", 2553762, "RB"]
["E.J. Bibbs", 2553791, "TE"]
["Will Tye", 2553830, "TE"]
["Josh Lambo", 2553833, "K"]
["Mack Brown", 2553867, "RB"]
["Donteea Dye", 2553876, "WR"]
["Adam Humphries", 2553895, "WR"]
["Darius Jennings", 2553896, "WR"]
["Daniel Brown", 2553900, "TE"]
["Tyrell Williams", 2553913, "WR"]
["Kasen Williams", 2554138, "WR"]
["Ross Travis", 2554630, "TE"]
["Chris Moore", 2555209, "WR"]
["Laquon Treadwell", 2555214, "WR"]
["Leonte Carroo", 2555215, "WR"]
["Malcolm Mitchell", 2555216, "WR"]
["Danny Vitale", 2555218, "RB"]
["Daniel Lasco", 2555219, "RB"]
["Derek Watt", 2555220, "RB"]
["Devontae Booker", 2555223, "RB"]
["Ezekiel Elliott", 2555224, "RB"]
["Jonathan Williams", 2555227, "RB"]
["Kenneth Dixon", 2555229, "RB"]
["Kenyan Drake", 2555230, "RB"]
["Tyler Ervin", 2555234, "RB"]
["Carson Wentz", 2555259, "QB"]
["Dak Prescott", 2555260, "QB"]
["Jacoby Brissett", 2555261, "QB"]
["Kevin Hogan", 2555263, "QB"]
["Nick Vannett", 2555289, "TE"]
["Sterling Shepard", 2555295, "WR"]
["David Morgan", 2555306, "TE"]
["Jerell Adams", 2555311, "TE"]
["Paxton Lynch", 2555316, "QB"]
["Tajae Sharpe", 2555317, "WR"]
["Cody Core", 2555331, "WR"]
["Connor Cook", 2555332, "QB"]
["Corey Coleman", 2555333, "WR"]
["Jared Goff", 2555334, "QB"]
["Hunter Henry", 2555341, "TE"]
["Josh Doctson", 2555343, "WR"]
["Will Fuller", 2555346, "WR"]
["Braxton Miller", 2555348, "WR"]
["Aaron Burbridge", 2555362, "WR"]
["Tyler Higbee", 2555364, "TE"]
["Jordan Payton", 2555370, "WR"]
["Cody Kessler", 2555387, "QB"]
["Roberto Aguayo", 2555408, "K"]
["Trevor Davis", 2555413, "WR"]
["Austin Hooper", 2555415, "TE"]
["C.J. Prosise", 2555417, "RB"]
["Jordan Howard", 2555418, "RB"]
["Pharoh Cooper", 2555419, "WR"]
["Cardale Jones", 2555426, "QB"]
["Nate Sudfeld", 2555427, "QB"]
["Alex Collins", 2555430, "RB"]
["Andy Janovich", 2555432, "RB"]
["Paul Perkins", 2555460, "RB"]
["Wendell Smallwood", 2555461, "RB"]
["DeAndre Washington", 2555464, "RB"]
["DeMarcus Ayers", 2555465, "WR"]
["Tyler Boyd", 2555466, "WR"]
["Rashard Higgins", 2555468, "WR"]
["Ricardo Louis", 2555473, "WR"]
["Charone Peake", 2555477, "WR"]
["Demarcus Robinson", 2555478, "WR"]
["Temarrick Hemingway", 2555486, "TE"]
["Derrick Henry", 2556075, "RB"]
["Dwayne Washington", 2556118, "RB"]
["Daniel Braverman", 2556144, "WR"]
["Jakeem Grant", 2556190, "WR"]
["Tyreek Hill", 2556214, "WR"]
["Jake Rudock", 2556232, "QB"]
["Seth DeValve", 2556365, "TE"]
["Michael Thomas", 2556370, "WR"]
["Mike Thomas", 2556381, "WR"]
["Chester Rogers", 2556396, "WR"]
["Maurice Harris", 2556404, "WR"]
["Josh Ferguson", 2556411, "RB"]
["Rob Kelley", 2556414, "RB"]
["J.D. McKissic", 2556440, "RB"]
["Josh Perkins", 2556444, "TE"]
["Nick Rose", 2556450, "K"]
["Hakeem Valles", 2556453, "TE"]
["Brandon Wilds", 2556454, "RB"]
["Geronimo Allison", 2556460, "WR"]
["Robby Anderson", 2556462, "WR"]
["Stephen Anderson", 2556463, "TE"]
["Peyton Barber", 2556466, "RB"]
["Jace Billingsley", 2556473, "WR"]
["Trevone Boykin", 2556477, "QB"]
["Ben Braunecker", 2556478, "TE"]
["Joe Callahan", 2556492, "QB"]
["Alan Cross", 2556508, "RB"]
["Ed Eagan", 2556517, "WR"]
["Alex Erickson", 2556519, "WR"]
["Ka'imi Fairbairn", 2556521, "K"]
["D.J. Foster", 2556528, "RB"]
["Don Jackson", 2556563, "RB"]
["Andy Jones", 2556569, "WR"]
["Roger Lewis", 2556592, "WR"]
["Wil Lutz", 2556601, "K"]
["Tre Madden", 2556603, "RB"]
["Jalin Marshall", 2556606, "WR"]
["Tanner McEvoy", 2556612, "WR"]
["Kalif Raymond", 2556661, "WR"]
["Bryce Treggs", 2556697, "WR"]
["Cole Wick", 2556708, "TE"]
["Brandon Burks", 2556728, "RB"]
["Tommylee Lewis", 2556752, "WR"]
["Elijhaa Penny", 2556762, "RB"]
["Aldrick Rosas", 2556771, "K"]
["Hunter Sharp", 2556773, "WR"]
["Paul Turner", 2556785, "WR"]
["Kenneth Farrow", 2556801, "RB"]
["C.J. Ham", 2556803, "RB"]
["Johnny Holton", 2556805, "WR"]
["Max McCaffrey", 2556814, "WR"]
["Byron Marshall", 2556841, "RB"]
["Marcus Johnson", 2556855, "WR"]
["Jaydon Mickens", 2556861, "WR"]
["Jake Lampman", 2556882, "WR"]
["Jalen Richard", 2556885, "RB"]
["Austin Traylor", 2556900, "TE"]
["Garrett Griffin", 2557033, "TE"]
["Marvin Hall", 2557034, "WR"]
["Sam Ficken", 2557430, "K"]
["Marquis Bundy", 2557431, "WR"]
["Troymaine Pope", 2557531, "RB"]
["Corey Davis", 2557848, "WR"]
["De'Angelo Henderson", 2557850, "RB"]
["O.J. Howard", 2557856, "TE"]
["Evan Engram", 2557858, "TE"]
["Zay Jones", 2557863, "WR"]
["Jehu Chesson", 2557866, "WR"]
["Taywan Taylor", 2557870, "WR"]
["Jeremy Sprinkle", 2557886, "TE"]
["Gerald Everett", 2557889, "TE"]
["Dede Westbrook", 2557895, "WR"]
["Stacy Coley", 2557896, "WR"]
["Cooper Kupp", 2557898, "WR"]
["Amara Darboh", 2557905, "WR"]
["Kareem Hunt", 2557917, "RB"]
["C.J. Beathard", 2557922, "QB"]
["Elijah McGuire", 2557934, "RB"]
["Wayne Gallman", 2557952, "RB"]
["Ryan Switzer", 2557960, "WR"]
["Leonard Fournette", 2557973, "RB"]
["Joe Mixon", 2557976, "RB"]
["Jeremy McNichols", 2557977, "RB"]
["James Conner", 2557978, "RB"]
["DeShone Kizer", 2557983, "QB"]
["David Njoku", 2557986, "TE"]
["Matt Dayes", 2557987, "RB"]
["Dalvin Cook", 2557991, "RB"]
["D'Onta Foreman", 2557994, "RB"]
["Christian McCaffrey", 2557997, "RB"]
["Mitchell Trubisky", 2558008, "QB"]
["John Ross", 2558010, "WR"]
["Alvin Kamara", 2558019, "RB"]
["Eric Saubert", 2558023, "TE"]
["Michael Roberts", 2558049, "TE"]
["Kenny Golladay", 2558052, "WR"]
["Deshaun Watson", 2558063, "QB"]
["Curtis Samuel", 2558066, "WR"]
["Chad Hansen", 2558069, "WR"]
["Noah Brown", 2558091, "WR"]
["Chris Godwin", 2558105, "WR"]
["Brian Hill", 2558112, "RB"]
["Aaron Jones", 2558116, "RB"]
["Marlon Mack", 2558123, "RB"]
["Patrick Mahomes", 2558125, "QB"]
["Josh Malone", 2558127, "WR"]
["Isaiah McKenzie", 2558129, "WR"]
["Samaje Perine", 2558138, "RB"]
["Adam Shaheen", 2558144, "TE"]
["JuJu Smith-Schuster", 2558149, "WR"]
["ArDarius Stewart", 2558150, "WR"]
["Jake Elliott", 2558172, "K"]
["Zane Gonzalez", 2558178, "K"]
["Nathan Peterman", 2558191, "QB"]
["Josh Reynolds", 2558194, "WR"]
["Trent Taylor", 2558202, "WR"]
["Jamaal Williams", 2558204, "RB"]
["Jonnu Smith", 2558207, "TE"]
["Chad Williams", 2558208, "WR"]
["Harrison Butker", 2558245, "K"]
["Tarik Cohen", 2558250, "RB"]
["Shelton Gibson", 2558258, "WR"]
["Mack Hollins", 2558262, "WR"]
["George Kittle", 2558266, "TE"]
["Brandon Wilson", 2558786, "RB"]
["Devante Mays", 2558837, "RB"]
["Mike Williams", 2558846, "WR"]
["Marquez Williams", 2558860, "RB"]
["Chris Carson", 2558865, "RB"]
["Victor Bolden", 2558912, "WR"]
["Kendrick Bourne", 2558914, "WR"]
["Matt Breida", 2558918, "RB"]
["Taysom Hill", 2558954, "QB"]
["Jacob Hollister", 2558956, "TE"]
["Patrick Ricard", 2558990, "RB"]
["De'Veon Smith", 2558998, "RB"]
["Michael Clark", 2559019, "WR"]
["LeShun Daniels", 2559020, "RB"]
["Antony Auclair", 2559044, "TE"]
["Corey Clement", 2559150, "RB"]
["Keelan Cole", 2559153, "WR"]
["Justin Davis", 2559163, "RB"]
["Austin Ekeler", 2559169, "RB"]
["Tanner Gentry", 2559176, "WR"]
["Tion Green", 2559180, "RB"]
["Younghoe Koo", 2559205, "K"]
["Travis Rudolph", 2559241, "WR"]
["Cooper Rush", 2559242, "QB"]
["Ricky Seals-Jones", 2559248, "TE"]
["Shane Smith", 2559254, "RB"]
["Krishawn Hogan", 2559286, "WR"]
["Trey Edmunds", 2559325, "RB"]
["Chris Thompson", 2559368, "WR"]
